<?xml version="1.0" encoding="UTF-8"?>
<dspl xmlns="http://schemas.google.com/dspl/2010"
    xmlns:geo="http://www.google.com/publicdata/dataset/google/geo"
    xmlns:geo_usa="http://www.google.com/publicdata/dataset/google/geo/us"
    xmlns:time="http://www.google.com/publicdata/dataset/google/time"
    xmlns:quantity="http://www.google.com/publicdata/dataset/google/quantity"
    xmlns:entity="http://www.google.com/publicdata/dataset/google/entity">

  <import namespace="http://www.google.com/publicdata/dataset/google/time"/>
  <import namespace="http://www.google.com/publicdata/dataset/google/quantity"/>
  <import namespace="http://www.google.com/publicdata/dataset/google/entity"/>
  <import namespace="http://www.google.com/publicdata/dataset/google/geo"/>
  
  <info>
    <name>
      <value>My statistics</value>
    </name>
    <description>
      <value>Some very interesting statistics about countries</value>
    </description>
    <url>
      <value>http://www.stats-bureau.com/mystats/info.html</value>
    </url>
  </info>

  <provider>
    <name>
      <value>Bureau of Statistics</value>
    </name>
    <url>
      <value>http://www.stats-bureau.com</value>
    </url>
  </provider>

  <topics>
    <topic id="geography">
      <info>
        <name><value>Geography</value></name>
      </info>
    </topic>
    <topic id="social_indicators">
      <info>
        <name><value>Social indicators</value></name>
      </info>
      <topic id="population_indicators">
        <info>
          <name><value>Population indicators</value></name>
        </info>
      </topic>
      <topic id="poverty_and_income">
        <info>
          <name><value>Poverty &amp; income</value></name>
        </info>
      </topic>
      <topic id="health">
        <info>
          <name><value>Health</value></name>
        </info>
      </topic>
    </topic>
  </topics>

  <concepts>
    <!-- As noted in the tutorial, this concept should extend quantity:amount.-->
    <concept id="population">
      <info>
        <name>
          <value>Population</value>
        </name>
        <description>
          <value>Size of the resident population.</value>
        </description>
      </info>
      <topic ref="population_indicators"/>
      <type ref="integer"/>
    </concept>

    <!-- This country concept is defined for educational purposes only. A country
    concept exists in the Google geo dataset. See:
    
    http://code.google.com/apis/publicdata/docs/canonical/geo.html --> 
    <concept id="country" extends="geo:location">
      <info>
        <name>
          <value>Country</value>
        </name>
        <description>
          <value>My list of countries</value>
        </description>
      </info>
      <type ref="string"/>
      <property id="name">
        <info>
          <name><value xml:lang="en">Country name</value></name>
          <description>
            <value xml:lang="en">The official name of the country</value>
          </description>
        </info>
        <type ref="string"/>
      </property>
      <table ref="countries_table"/>
    </concept>
  </concepts>

  <slices>
    <slice id="countries_slice">
      <dimension concept="country"/>
      <dimension concept="time:year"/>
      <metric concept="population"/>
      <table ref="countries_slice_table"/>
    </slice>
  </slices>

  <tables>
    <table id="countries_table">
      <column id="country" type="string"/>
      <column id="name" type="string"/>
      <column id="latitudex" type="float"/>
      <column id="longitude" type="float"/>
      <data>
        <file format="csv" encoding="utf-8">countries.csv</file>
      </data>
    </table>

    <table id="countries_slice_table">
      <column id="country" type="string"/>
      <column id="year" type="date" format="yyyy"/>
      <column id="populationx" type="integer"/>
      <data>
        <file format="csv" encoding="utf-8">country_slice.csv</file>
      </data>
    </table>
  </tables>

</dspl>
