<?xml version="1.0" encoding="UTF-8"?>
<dspl 
	xmlns:xsi="http://www.w3.org/2001/XMLSchema-instance"
	xmlns="http://schemas.google.com/dspl/2010"
	xmlns:time="http://www.google.com/publicdata/dataset/google/time"
	xmlns:geo="http://www.google.com/publicdata/dataset/google/geo"
	xmlns:entity="http://www.google.com/publicdata/dataset/google/entity"
	xmlns:quantity="http://www.google.com/publicdata/dataset/google/quantity">

	<import namespace="http://www.google.com/publicdata/dataset/google/time"/>
	<import namespace="http://www.google.com/publicdata/dataset/google/entity"/>
	<import namespace="http://www.google.com/publicdata/dataset/google/geo"/>
	<import namespace="http://www.google.com/publicdata/dataset/google/quantity"/>

	<info>
		<name>
			<value>Fine Art Classes in Select California Counties</value>
		</name>
		<description>
			<value>An examination of arts classes and programs in select California</value>
		</description>
		<url>
			<value>http://www.engine30.org/</value>
		</url>
	</info>

	<provider>
		<name>
			<value>Various</value>
		</name>
		<url>
			<value>http://www.engine30.org</value>
		</url>
	</provider>

	<!-- CONCEPTS -->
		<concepts>
			<concept id="year">
				<info>
					<name>
						<value>Year</value>
					</name>
				</info>
				<type ref="date" />
				<table ref="years_table" />
			</concept><!-- year -->

			<concept id="Region">
				<info>
					<name>
						<value>School District</value>
					</name>
				</info>
				<type ref="string" />
				<table ref="region_table" />
			</concept>

			<concept id="Schools_With_Fine_Art_Programs">
				<info>
					<name>
						<value>Number of Schools with Fine Art Programs</value>
					</name>
				</info>
				<type ref="integer" />
			</concept>

			<concept id="Number_of_Fine_Art_Classes">
				<info>
					<name>
						<value>Number of Fine Arts Classes in District</value>
					</name>
				</info>
				<type ref="integer" />
			</concept>
		</concepts><!-- END OF COMMENTS -->
		
		
		<!-- SLICES -->
		<slices>
			<slice id="courses">
				<dimension concept="time:year" />
				<dimension concept="Region" />
				<metric concept="Number_of_Fine_Art_Classes" />
				<metric concept="Schools_With_Fine_Art_Programs" />
				<table ref="main_table" />
			</slice>
		</slices><!-- END OF SLICES -->
		
		
		<!-- TABLES -->
		<tables>
			<table id="main_table">
				<column id="Region" type="string" />
				<column id="year" type="date" format="yyyy" />
				<column id="Schools_With_Fine_Art_Programs" type="integer" />
				<column id="Number_of_Fine_Art_Classes" type="integer" />
				<column id="School_Year" type="string" />
				<data>
					<file format="csv" encoding="utf-8">COMBINED.csv</file>
				</data>
			</table><!-- district table -->

			<table id="years_table">
				<column id="year" type="date" format="yyyy" />
				<data>
					<file format="csv" encoding="utf-8">years.csv</file>
				</data>
			</table><!-- years table -->

			<table id="region_table">
				<column id="Region" type="string" />
				<data>
					<file format="csv" encoding="utf-8">region.csv</file>
				</data>
			</table><!-- years table -->

		</tables><!-- END OF TABLES -->
		


</dspl>
