<?xml version="1.0" encoding="UTF-8"?>
<dspl 
	xmlns:xsi="http://www.w3.org/2001/XMLSchema-instance"
	xmlns="http://schemas.google.com/dspl/2010"
	xmlns:time="http://www.google.com/publicdata/dataset/google/time"
	xmlns:geo="http://www.google.com/publicdata/dataset/google/geo"
	xmlns:entity="http://www.google.com/publicdata/dataset/google/entity"
	xmlns:quantity="http://www.google.com/publicdata/dataset/google/quantity">

	<import namespace="http://www.google.com/publicdata/dataset/google/time"/>
	<import namespace="http://www.google.com/publicdata/dataset/google/entity"/>
	<import namespace="http://www.google.com/publicdata/dataset/google/geo"/>
	<import namespace="http://www.google.com/publicdata/dataset/google/quantity"/>

	<info>
		<name>
			<value>Tutorial</value>
		</name>
		<description>
			<value>Chris Spurgeon does the tutorial, like a boss</value>
		</description>
		<url>
			<value>http://www.engine30.org/tutorial/info.html</value>
		</url>
	</info>

	<provider>
		<name>
			<value>Google test stuff</value>
		</name>
		<url>
			<value>https://developers.google.com/public-data/docs/tutorial</value>
		</url>
	</provider>



	
	<!-- TOPICS -->
	<topics>
		<topic id="geography">
			<info>
				<name>
					<value>Geography</value>
				</name>
			</info>
		</topic>
		<topic id="social_indicators">
			<info>
				<name>
					<value>Social indicators</value>
				</name>
			</info>
		</topic>
		<topic id="population_indicators">
			<info>
				<name>
					<value>Population indicators</value>
				</name>
			</info>
		</topic>
		<topic id="poverty_and_income">
			<info>
				<name>
					<value>Poverty and income</value>
				</name>
			</info>
		</topic>
		<topic id="health">
			<info>
				<name>
					<value>Health</value>
				</name>
			</info>
		</topic>
	</topics>




<!-- CONCEPTS -->
	<concepts>
		<concept id="population">
			<info>
				<name>
					<value>Population</value>
				</name>
			</info>
			<topic ref="population_indicators" />
			<type ref="integer" />
		</concept><!-- population -->
		<concept id="country" extends="geo:location">
			<info>
				<name>
					<value>Country</value>
				</name>
				<description>
					<value>List of countries</value>
				</description>
			</info>
			<topic ref="geography" />
			<type ref="string" />
			<property id="name">
				<info>
					<name>
						<value>Name</value>
					</name>
					<description>
						<value>English name of the country</value>
					</description>							
				</info>
				<type ref="string" />
			</property>
			<property id="latitude">
				<info>
					<name>
						<value>Latitude</value>
					</name>
					<description>
						<value>Latitude of the country</value>
					</description>							
				</info>
				<type ref="float" />
			</property>
			<property id="longitude">
				<info>
					<name>
						<value>Longitude</value>
					</name>
					<description>
						<value>Longitude of the country</value>
					</description>							
				</info>
				<type ref="float" />
			</property>
			<table ref="countries_table" />
		</concept><!-- country -->
		<concept id="year">
			<info>
				<name>
					<value>Year</value>
				</name>
			</info>
			<type ref="date" />
		</concept><!-- year -->
		<concept id="state" extends="geo:location">
			<info>
				<name>
					<value>state</value>
				</name>
				<description>
					<value>US states, identified by two letter code</value>
				</description>
			</info>
			<property concept="country" isParent="true" />
			<table ref="states_table" />			
		</concept><!-- state -->
		<concept id="unemployment_rate" extends="quantity:rate">
			<info>
				<name>
					<value>Unemployment Rate</value>
				</name>
				<description>
					<value>The percent of the labor force that is unemployed.</value>
				</description>
				<url>
					<value>http://www.bls.gov/cps/cps_htgm.htm</value>
				</url>
			</info>
			<type ref="float" />
			<attribute id="is_percentage">
				<type ref="boolean" />
				<value>true</value>
			</attribute>
		</concept><!-- unemployment rate -->
		<concept id="gender" extends="entity:entity">
			<info>
				<name>
					<value>Gender</value>
				</name>
				<description>
					<value>Male or female</value>
				</description>
				<pluralName>
					<value>Genders</value>
				</pluralName>
				<totalName>
					<value>Both genders</value>
				</totalName>
			</info>
			<type ref="string" />
			<table ref="genders_table" />
		</concept><!-- gender -->

	</concepts>



<!-- SLICES -->
	<slices>
		<slice id="countries_slice">
			<dimension concept="country" />
			<dimension concept="time:year" />
			<metric concept="population" />
			<table ref="countries_slice_table" />
		</slice><!-- countries slice -->
		<slice id="state_slice">
			<dimension concept="state" />
			<dimension concept="time:year" />
			<metric concept="population" />
			<metric concept="unemployment_rate" />
			<table ref="states_slice_table" />
		</slice><!-- states slice -->
		<slice id="countries_gender_slice">
			<dimension concept="country" />
			<dimension concept="gender" />
			<dimension concept="time:year" />
			<metric concept="population" />
			<table ref="countries_gender_slice_table" />
		</slice><!-- countries and gender slice -->
	</slices>




<!-- TABLES -->
	<tables>
		<table id="countries_table">
			<column id="country" type="string" />
			<column id="name" type="string" />
			<column id="latitude" type="float" />
			<column id="longitude" type="float" />
			<data>
				<file format="csv" encoding="utf-8">countries.csv</file>
			</data>
		</table><!-- countries_table -->
		<table id = "countries_slice_table">
			<column id="country" type="string" />
			<column id="year" type="date" format="yyyy" />
			<column id="population" type="integer" />
			<data>
				<file format="csv" encoding="utf-8">country_slice.csv</file>
			</data>
		</table><!-- country slice table -->

		<table id="states_table">
			<column id="state" type="string" />
			<column id="name" type="string" />
			<column id="country" type="string">
				<value>US</value>
			</column>
			<column id="latitude" type="float" />
			<column id="longitude" type="float" />
			<data>
				<file format="csv" encoding="utf-8">states.csv</file>
			</data>
		</table><!-- states table -->
		
		<table id="states_slice_table">
			<column id="state" type="string" />
			<column id="year" type="date" format="yyyy" />
			<column id="population" type="integer" />
			<column id="unemployment_rate" type="float" />
			<data>
				<file format="csv" encoding="utf-8">state_slice.csv</file>
			</data>
		</table><!-- states slice table -->
		
		<table id="genders_table">
			<column id="gender" type="string" />
			<column id="name" type="string" />
			<data>
				<file format="csv" encoding="utf-8">genders.csv</file>
			</data>
		</table><!-- gender table -->
		
		<table id="countries_gender_slice_table">
			<column id="country" type="string" />
			<column id="gender" type="string" />
			<column id="year" type="date" format="yyyy" />
			<column id="population" type="integer" />
			<data>
				<file format="csv" encoding="utf-8">gender_country_slice.csv</file>
			</data>
		</table>
	</tables><!-- end of tables -->
	
</dspl>